,AUFN_Faut,count,ph_wd_name,ph_wd_URI,gender,workplace,lat,lon,born,died
0,Anonimo,1336,Anonimo,,,,,,,
1,"Alinari, Fratelli",556,Fratelli Alinari,http://www.wikidata.org/entity/Q644689,,,,,,
2,"Moscioni, Romualdo",159,Romualdo Moscioni,http://www.wikidata.org/entity/Q3441292,,Rome,41.8933203,12.4829321,1849,1925
3,Brogi,158,Giacomo Brogi,http://www.wikidata.org/entity/Q2346257,,Florence,43.7698712,11.2555757,1822,1881
4,"Sommer, Giorgio",147,Giorgio Sommer,http://www.wikidata.org/entity/Q64212,,Naples,40.8358846,14.2487679,1834,1914
5,"Laurent, Jean",73,Jean Laurent,http://www.wikidata.org/entity/Q558371,,,,,,
6,Incorpora,57,Giuseppe Incorpora,http://www.wikidata.org/entity/Q55053644,,Palermo,38.1112268,13.3524434,1834,1914
7,Giraudon,55,Adolphe Giraudon,,,,,,,
8,"Lombardi, Paolo",53,Paolo Lombardi,http://www.wikidata.org/entity/Q2412846,,Siena,43.1672254,11.467181161339118,1827,1890
9,Naya,48,Naya,,,,,,,
10,"Simelli, Carlo Baldassarre",40,Carlo Baldassarre Simelli,http://www.wikidata.org/entity/Q23776035,,,,,,
11,"Poppi, Pietro",37,Pietro Poppi,http://www.wikidata.org/entity/Q24239722,,Bologna,44.4938203,11.3426327,1833,1914
12,"Mieusement, Séraphin-Médéric ",24,Séraphin-Médéric Mieusement,http://www.wikidata.org/entity/Q3498763,,,,,,
13,"Rive, Robert",19,Robert Rive,http://www.wikidata.org/entity/Q2159611,,,,,,
14,"Philpot, John Brampton",19,John Brampton Philpot,http://www.wikidata.org/entity/Q85124868,,Florence,43.7698712,11.2555757,1812,1878
15,"Merlin, Carl Prior",19,Carl Prior Merlin,,,,,,,
16,Tagliarini,18,Tagliarini,,,,,,,
17,"Hammerschmidt, Wilhelm",17,Wilhelm Hammerschmidt,http://www.wikidata.org/entity/Q21031888,,,,,,
18,Bruckmann Verlag,16,Bruckmann Verlag,,,,,,,
19,"Sébah, Pascal",16,Pascal Sébah,,,,,,,
20,"Amodio, Fratelli",14, Amodio,,,,,,,
21,Clarke & Davies,14,Clarke and Davies,,,,,,,
22,Budtz Muller & Co.,14,Budtz Muller and Co.,,,,,,,
23,Abdullah Frères,13,Abdullah Frères,,,,,,,
24,"Lekegian, Gabriel",12,Gabriel Lekegian,http://www.wikidata.org/entity/Q39046433,,Cairo,30.0443879,31.2357257,1853,1920
25,Goupil & C.ie Editeurs,12,Goupil and C.ie Editeurs,,,,,,,
26,"Berggren, Guillaume Gustave",11,Guillaume Gustave Berggren,,,,,,,
27,Lyon E.D.,10,Lyon E.D.,,,,,,,
28,"Garrigues, J.",10,J. Garrigues,,,,,,,
29,Anderson,10,Anderson,http://www.wikidata.org/entity/Q55861391,,,,,,
30,Albert,9,Albert,,,,,,,
31,"Colamedici, Giovanni Battista",8,Giovanni Battista Colamedici,http://www.wikidata.org/entity/Q29017779,,,,,,
32,"Anriot, Emilio",8,Emilio Anriot,,,,,,,
33,Neue Photographische Gesellschaft,7,Neue Photographische Gesellschaft,,,,,,,
34,Béchard Henri,7,Béchard Henri,,,,,,,
35,"Crupi, Giovanni",7,Giovanni Crupi,http://www.wikidata.org/entity/Q961257,,,,,,
36,Stereoscopic Co.,7,Stereoscopic Co.,,,,,,,
37,Neurdein,6,Neurdein,,,,,,,
38,"Moraites, Petros",6,Petros Moraites,http://www.wikidata.org/entity/Q20830627,,,,,,
39,"Soler, Francisco",6,Francisco Soler,,,,,,,
40,Istituto Centrale per il Catalogo e la Documentazione: Fototeca Nazionale,6,Istituto Centrale per il Catalogo e la Documentazione: Fototeca Nazionale,,,,,,,
41,"Pezzani, Enrico",6,Enrico Pezzani,,,,,,,
42,"MacPherson, Robert",6,Robert MacPherson,,,,,,,
43,"Mioni, Luigi",6,Luigi Mioni,http://www.wikidata.org/entity/Q12635848,,,,,,
44,Sébah & Joaillier,6,Sébah & Joaillier,http://www.wikidata.org/entity/Q46941849,,,,,,
45,P. Famin & Cie.,5,P. Famin and Cie.,,,,,,,
46,Shepherd & Robertson,5,Shepherd & Robertson,http://www.wikidata.org/entity/Q107332428,,,,,,
47,"Konstantinou, Dimitris",5,Dimitris Konstantinou,,,,,,,
48,"Kuhn, J.",5,J. Kuhn,,,,,,,
49,Fotografia A. Premi,5,Fotografia A. Premi,,,,,,,
50,Tuminello Lodovico,5,Tuminello Lodovico,,,,,,,
51,"Lawrence, William",4,William Lawrence,,,,,,,
52,"Lorens, Alfred",4,Alfred Lorens,http://www.wikidata.org/entity/Q108411281,,,,,,
53,"Agius, Horatio",4,Horatio Agius,http://www.wikidata.org/entity/Q55218294,,,,,,
54,"Frith, Francis",4,Francis Frith,http://www.wikidata.org/entity/Q978878,,,,,,
55,"Formosa, Giuseppe Lorenzo",4,Giuseppe Lorenzo Formosa,http://www.wikidata.org/entity/Q104772322,,,,,,
56,"Löwy, Josef",4,Josef Löwy,http://www.wikidata.org/entity/Q1705180,,Vienna,48.2083537,16.3725042,1834,1902
57,"Hertel, Carl",4,Carl Hertel,http://www.wikidata.org/entity/Q18507978,,,,,,
58,"Jaeger, Johannes ",4,Johannes Jaeger,http://www.wikidata.org/entity/Q5826873,,Stockholm,59.3251172,18.0710935,1832,1908
59,Lombardi,4,Lombardi,,,,,,,
60,"Fiorani, Francesco",4,Francesco Fiorani,,,,,,,
61,"Gabinetto Fotografico della Soprintendenza Speciale per il Patrimonio Storico, Artistico ed Etnoantropologico e per il Polo Museale della città di Firenze",4,Artistico ed Etnoantropologico e per il Polo Museale della città di Firenze Gabinetto Fotografico della Soprintendenza Speciale per il Patrimonio Storico,,,,,,,
62,"Marcozzi, Carlo",4,Carlo Marcozzi,http://www.wikidata.org/entity/Q61992274,,Milan,45.4641943,9.1896346,1827,1883
63,"Degoix, Celestino",4,Celestino Degoix,http://www.wikidata.org/entity/Q2943911,,,,,,
64,"Ricci, Luigi",4,Luigi Ricci,http://www.wikidata.org/entity/Q27477907,,,,,,
65,"Verzaschi, Enrico",4,Enrico Verzaschi,http://www.wikidata.org/entity/Q23776042,,,,,,
66,"Benvenuti, Cesare",4,Cesare Benvenuti,,,,,,,
67,"Lais, Filippo",4,Filippo Lais,,,,,,,
68,"Polozzi, Giuseppe",3,Giuseppe Polozzi,,,,,,,
69,"Castelli, Giovanni",3,Giovanni Castelli,http://www.wikidata.org/entity/Q114793667,,,,,,
70,"Salviati, Paolo",3,Paolo Salviati,http://www.wikidata.org/entity/Q58242413,,Venice,45.4371908,12.3345898,1818,1894
71,Robertson & Beato,3,Robertson & Beato,http://www.wikidata.org/entity/Q108575519,,,,,,
72,Zedler & Vogel,3,Zedler and Vogel,,,,,,,
73,Paul des Granges,3,Paul des Granges,,,,,,,
74,"Daziaro, Joseph",3,Joseph Daziaro,http://www.wikidata.org/entity/Q109809384,,Moscow,55.7504461,37.6174943,1831,1892
75,"Valentine, James",3,James Valentine,http://www.wikidata.org/entity/Q3161454,,Tangier,35.7774341,-5.8032309,1815,1879
76,Vasari,2,Vasari,,,,,,,
77,"Stuffler, G.",2,G. Stuffler,,,,,,,
78,"Petagna, Michele",2,Michele Petagna,,,,,,,
79,"Noack, Alfred",2,Alfred Noack,http://www.wikidata.org/entity/Q216076,,Genoa,44.40726,8.9338624,1833,1895
80,"Geiser, Jean",2,Jean Geiser,http://www.wikidata.org/entity/Q12024349,,Algeria,28.0000272,2.9999825,1848,1923
81,"Unterverger, Giovanni Battista",2,Giovanni Battista Unterverger,,,,,,,
82,"Esposito, Fratelli",2, Esposito,,,,,,,
83,"De Mattia, Nicola",2,Nicola De Mattia,,,,,,,
84,"Bruno, Giuseppe",2,Giuseppe Bruno,http://www.wikidata.org/entity/Q3107998,,,,,,
85,Poulton Series,2,Poulton Series,,,,,,,
86,"Mackey, Peter Paul",2,Peter Paul Mackey,,,,,,,
87,"Wilson Washington, George",2,George Wilson Washington,,,,,,,
88,"Ponti, Carlo",2,Carlo Ponti,http://www.wikidata.org/entity/Q5017097,,,,,,
89,"Pallejá Domenech, Pere",2,Pere Pallejá Domenech,,,,,,,
90,"Beato, Antonio",1,Antonio Beato,http://www.wikidata.org/entity/Q2742241,,Luxor,25.702096,32.647186,1820,1903
91,"Dumaine, A.",1,A. Dumaine,,,,,,,
92,"Tessaro, François",1,François Tessaro,http://www.wikidata.org/entity/Q100324990,,,,,,
93,"James, Edith Emily Coulson",1,Edith Emily Coulson James,,,,,,,
94,Istituto Fotografico Antonio Fortunato Perini,1,Istituto Fotografico Antonio Fortunato Perini,,,,,,,
95,"De Rubeis, Francesco",1,Francesco De Rubeis,,,,,,,
96,"Brusa, Giovanni Battista",1,Giovanni Battista Brusa,http://www.wikidata.org/entity/Q105986035,,Milan,45.4641943,9.1896346,1830,1920
97,Sommer & Behles,1,Sommer and Behles,http://www.wikidata.org/entity/Q7560449,,,,,,
98,Studio Fotografico Ciappei,1,Studio Fotografico Ciappei,,,,,,,
99,"Voland, Pierre Henry ",1,Pierre Henry Voland,,,,,,,
100,"Pesce, Francesco",1,Francesco Pesce,http://www.wikidata.org/entity/Q102280801,,,,,,
101,"Giletta, Jean",1,Jean Giletta,,,,,,,
102,"Van Lint, Enrico",1,Enrico Van Lint,http://www.wikidata.org/entity/Q17285798,,,,,,
103,"Garzón, Rafael",1,Rafael Garzón,http://www.wikidata.org/entity/Q604471,,,,,,
104,"Paganori, Vincenzo",1,Vincenzo Paganori,,,,,,,
105,"Brillet-Buyet, Luigi",1,Luigi Brillet-Buyet,,,,,,,
106,"Venturi, Francesco",1,Francesco Venturi,,,,,,,
107,Rozier,1,Rozier,,,,,,,
108,"Portier, Claude-Joseph",1,Claude-Joseph Portier,http://www.wikidata.org/entity/Q16038697,,Algiers,36.7753606,3.0601882,1841,1910
109,"Arnoux, Hippolyte",1,Hippolyte Arnoux,http://www.wikidata.org/entity/Q2718944,,,,,,
110,Alary & Geiser,1,Alary and Geiser,,,,,,,
111,"Mansell, W. F.",1,W. F. Mansell,,,,,,,
